layer.1,layer.2,layer.3,layer.4,layer.5,layer.6
902.5,1322,1632,2834.5,3336,2563.5
724,1016,1246,1929,2826,2425
953,1366,1711.5,2757.5,3531.5,2843
967,1409,1782.5,2799.5,3577.5,2959.5
904,1369,1609,2491,3491,2889
1033,1454,1779,2627,3562,2970
1141,1559,1984,2924,3799,2970
1157,1592,2035,3277,3933,3131
958.5,1320,1732,2881.5,3281,2654.5
1104.5,1584.5,2085.5,3517.5,3783,2695
1114,1481,1878,2794,3446,2895
1028,1368,1819,2705,3421,2739
742,934.5,1243,1994,2558.5,2104
857,918,1159,1994,2821,2420
742,1041,1286,2185.5,3071.5,2554
784,1092.5,1398.5,2374,3246,2602.5
774,1144,1379,2254,3294,2702
922,1188,1564,2485,3217,2635
872,1246,1524.5,2332,3177.5,2599
944.5,1353.5,1705,2544.5,3190,2612.5
882,1277,1577,2416,3136,2584
863,1250,1610,2826,3211,2350
948,1405,1821,2869,3384,2584
891,1148.5,1480.5,2284,2902,2354
964,1279,1682,2705,3422,2558
884,1256,1623,2662,3499,2455
746,989,1210,2089,2818,2312
865,1195,1368,2179,3134,2729
1024,1432.5,1733,2584,3480,3135
1060.5,1491.5,1844,2830,3322,2774.5
999.5,1399.5,1750.5,2693.5,3284.5,2714.5
963,1353,1626,2543,3135,2580
929,1201,1575,2373,2933,2474
847.5,1133,1518,2399,3183,2375
835,1137.5,1457,2220,2919.5,2270
807,1073.5,1330.5,2085,2618,2104.5
888,1190,1458,2487,2938,2522
1027,1425,1776,2816,3412,2731
1115,1603.5,1970,2961,3567,3033
985,1497,1712,2931,3187,2565
931,1497,1750,2917,3318,2463
1155,1559.5,1862,3130,3421,2729
652,967,1177,1872,2170,1524
652,933,1115,1917,2010,1482
947,1318.5,1572.5,2684,3240.5,2721.5
999,1292,1563,2637,3292,2919
806,1050,1264,2161,2992,2365
764.5,1027.5,1257,2144.5,2922,2475.5
657,829,1055,1688,2326,1855
768.5,1019,1299,2148.5,3185,2526
850,1102,1417,2291,3330,2878
791,1078,1396,2450,3162,2710
493,654,779,1370,1768,1355
724,959,1312,2092,2940,2542
767,1051,1333,2162,2993,2542
696,887,1250,2120,2995,2323
705,921,1191,2076,2796,2152
762,971,1209,1777,2523,1936
763,972,1209,1822,2562,1936
696,972,1117,1822,2443,1812
663,867,1087,1912,2403,1769
1047,1497,1783,2979,3136,2501
1054,1536,2048,3422,3332,2503
1096,1668,2162,3422,3578,2659
1097,1624,2199,3294,3651,2711
887,1264,1723,2646,3003.5,2343
980,1540,1783,2938,3137,2628
914,1153,1448,2546,2798,2291
840,1154.5,1422,2277.5,2742,2215.5
834,1109,1333,2263,2590,2097
856.5,1276.5,1557,2620.5,2427,1773.5
926.5,1254.5,1548.5,2674.5,2684,2128.5
993,1340,1761,2820,3108,2398
868,1186,1609,2648,2911,2294
787,1077,1472,2249,3008,2487
757,1077,1333,2077,2837,2403
787,1004,1333,2077,2826,2362
763,982,1298,2122,2860,2529
759,964,1260.5,2095,2883,2386
801,1113,1371,2246,3044,2469.5
791,1075.5,1331.5,2184.5,3044.5,2469.5
793.5,1062,1344.5,2073.5,3090.5,2652
800,1039,1298,2187,3184,2758
654,845,1116,1913,2827,2383
666,929,1089,1774,2971,2448
749,907.5,1071.5,1756,2589,2033
745,974,1159,1904,2771,2334
777.5,870,1102,1914.5,2822,2351.5
723,949,1192,1970,2906,2474
758,983,1210,1970,2951,2474
723,963,1226,2027.5,3024.5,2547.5
846,1096,1351,2171.5,3087,2694
824,1126.5,1395.5,2330.5,3226.5,2734.5
809,1171.5,1399,2280.5,3085.5,2491.5
933,1323,1542,2639,3303,2583
1139,1435,1803,3069,3532,2790
1017.5,1459.5,2023,3194.5,3767,2846
986.5,1484,2026.5,3115.5,3749,2671
825.5,1057,1315.5,2131.5,2899.5,2489
716,879,1147.5,1950,3064,2707.5
742.5,908,1203.5,1968,3132,2741
770.5,920.5,1221,2017,3151.5,2761
809,1060,1301,2105.5,3267,2883
859.5,1133,1427,2282,3422.5,3025.5
860,1121.5,1389.5,2281.5,3398.5,2970
821,1148,1376,2313,3406,2882
794.5,1075.5,1312,2191.5,3288,2721.5
895.5,1190.5,1431,2372,3165.5,2570
859.5,1171.5,1412.5,2418,3078.5,2457.5
756,1061,1263,2169,3025,2503
799,1125,1321,2206,3138,2560.5
756,1105,1298,2078,3053,2545
815,1065,1240,2065,2962.5,2514.5
922.5,1249,1557,2569,3494.5,2949.5
955.5,1317,1637.5,2744,3705.5,3096.5
917.5,1352.5,1640.5,2684.5,3668,3043.5
893,1268,1536,2407,3497,2755
886,1207,1610,2693,3257,2582
865,1251,1648,2651,3233,2530
870,1174.5,1506,2522.5,3085,2549.5
891.5,1173.5,1593,2652,3222.5,2575.5
975.5,1307,1727.5,2846,3422,2614.5
986.5,1394,1899.5,3081,3620.5,2641.5
885,1116,1448.5,2397,3256,2741.5
792,1068,1305,2166,3260,2717
784.5,1010,1287.5,2120,3153.5,2696
752.5,1010,1267,2098.5,3148.5,2734.5
761.5,1010,1239,2098.5,3111.5,2625.5
788,1062,1250,2073,3132,2711
848,1063,1271,2120,3186,2751
782,1106,1271,2216,3159,2625
903,1202.5,1458.5,2508.5,3242.5,2685.5
985.5,1352.5,1722,2767.5,3188,2564
995.5,1423.5,1770,2719,3513.5,2885
979.5,1335,1617.5,2698,3313,2743.5
937,1303.5,1638.5,2631.5,3550,2619.5
984.5,1358.5,1714.5,2716,3630,2567.5
861.5,1238.5,1542,2717.5,3350.5,2668.5
908,1276,1645,2805,3277,2541
1057,1513,1884,3227.5,3503.5,2699
1093,1592.5,1917,3048.5,3622.5,2945.5
930,1296,1800,3078,3330,2320
849,1281,1507,2634,3302,2625
1192,1570,1884,3340,3126,2255
832,1089,1358,2406,2581,1938
929,1369.5,1574,2439,2819.5,2317.5
1054,1425,1764,2705,3246,2688
929,1257,1508,2453,3062,2607
847.5,1168,1430,2302.5,3031.5,2537.5
894,1190,1555,2377,3136,2527
961,1355,1686,2544,3127,2647
802.5,1236,1451,2182,2517,2077.5
635,888,1112,1649,1735,1319
668,959,1174,1740,1897,1404
1008.5,1416,1789,2870,3438,2749
862.5,1213,1460,2434.5,3081,2531.5
967,1432,1706,2777,3003,2412
1145.5,1450,1721.5,2787,3038.5,2419
1278,1656,1884,2822,2819,2226
1316,1879,2300,3456.5,4071,3426
1059,1548.5,2003.5,3195,3667,2824
902,1315,1600,2360,2952,2401
846.5,1190,1464.5,2191.5,2772,2098
736,1066,1331,2062,2419,1824
925.5,1334.5,1617.5,2508,3030.5,2485.5
904.5,1249.5,1450,2467,3142.5,2428
1024,1212,1541,2687,3793,2949
916,1400,1713,2634,3105,2373
1288,1714,2051.5,3261.5,3859.5,3286
1286,1747.5,2111.5,3596.5,4060,3191.5
1343,1864,2179,3690,3612,2873
1343,1886,2198,3734,3612,2980
1407,1886,2257,3734,3663,2899
1162.5,1624.5,1955.5,3180.5,3507,2976.5
928,1347.5,1677,2615.5,3408,2740.5
951.5,1305,1614.5,2454.5,3430,2902
930.5,1294.5,1597,2432.5,3434.5,2923
931.5,1294.5,1548,2432,3373,2848.5
1007,1423.5,1760,2734.5,3526,2884.5
918,1339,1602.5,2504,3122,2474
863.5,1162.5,1388.5,2105,2705,2196.5
1031,1373,1821,2705,3692,3177
1011,1330,1783,2662,3615,3016
1011,1373,1803,2749,3540,2976
989,1352,1707,2634,3358,2870
1011,1373,1630,2835,3439,2790
868.5,1208,1431,2395.5,2768.5,2143
824,1166,1371,2123,2694.5,2090.5
848,1149,1298,2075,2711,2205
778.5,1103.5,1218.5,2015.5,2912,2470.5
895,1311,1485.5,2431.5,3185.5,2613.5
914,1324,1541,2420,3190,2542
952.5,1392,1633,2604.5,3415,2905
913.5,1331.5,1554,2474.5,3422.5,3028
710,976,1213,2088,3201,2865
624,976,1180,2048,2985,2541
892,1236,1472,2420,3219,2752
872.5,1210,1434.5,2345,3037,2495.5
962,1372,1603,2696,3294.5,2884
875.5,1108.5,1368,2167.5,3249.5,2885.5
737,976,1194,1945,2936,2559
715,976,1125,1901,2908,2583
738.5,998,1176.5,1968,2894.5,2654.5
936,1281,1506,2332,3189,2835
981,1410,1643,2418,3133,2848
913,1343,1540,2385,3000,2516.5
1009,1459.5,1735,2675.5,3393,2912.5
981,1453,1610,2590,3047,2666
975.5,1409,1713,2729,3225.5,2631.5
933,1258,1506,2524,3009,2473
603,767,936,1639,1923,1434
774,1056,1344.5,2081.5,2831,2199.5
753,1039.5,1286.5,2082.5,2737,2100.5
959,1313,1823,2879,3516,2591
768,1140.5,1542,2455,3245,2228.5
915,1424,2016,3482,3837,2409
917.5,1312.5,1725,2876.5,3547,2644.5
601,828,980,1688,2740,2502
1001.5,1540.5,2072,3238.5,3680.5,2606
913,1310,1648,2826,3732,2943
1098,1503,1818,3042,3783,2981
1093,1583,1780,3085,3551,2832
901,1325,1584,2654.5,3225.5,2565.5
838.5,1156.5,1430.5,2485.5,3151,2388.5
914,1285,1571,2523,3229.5,2567
897,1367,1540,2329,3203,2579
848,1235,1437,2274,3125,2164
828,1194,1470,2391,3151,2203
848,1235,1437,2391,3151,2319
937,1380.5,1967.5,3185,3550.5,2325
920,1325,1506,2670,2876,2453
1171,1635,1935,3020,3654,3262
1029,1717,1901,2898,3897,3381
1156,1526.5,1845.5,2946.5,3333,2671.5
1173,1700,2124,3176,3738,2987
1081,1585,1935,3199,3277.5,2537.5
1004,1417,1706,2873,3183,2581
931,1283,1545,2406.5,3056,2444.5
783.5,1130.5,1336,2188.5,2730,2089
1024.5,1348,1617.5,2626,3226,2577.5
781,1122,1298,2204,2767,2121
870.5,1145,1315.5,2238,2923,2303.5
937.5,1192.5,1491,2476,3145.5,2539.5
787,1148,1346,2364,3240,2810
808,1147,1411,2323,3512,3053
807,1188,1509,2446,3621,3135
806,1188,1476,2366,3595,3096
846,1188,1476,2366,3596,3136
804,1146,1411,2285,3488,3056
804,1105,1346,2245,3380,2937
961,1385,1888,3138,3606,2553
917,1345,1800,2882,3524,2463
972,1351.5,1849.5,2965.5,3532,2568
917,1345,1721,2795,3441,2756
876.5,1211.5,1514.5,2522.5,3420.5,2663.5
961,1300,1642,2662,3524,2720
1069,1389,1819,2750,3627,2850
1091,1480,1956,2971,3781,2824
1171,1778,2474,3866,4328,2980
1037,1412,1772,2876,3640,3105
992,1365,1687,2632.5,3525.5,2974
855.5,1206,1461.5,2509,3130.5,2733
832,1053,1332,2310,3118,2806
833,1143,1438,2312,3148,2779
1061,1364,1773,2628,3233,2836
1241.5,1740,2073.5,3102.5,3636,3246
1224,1670,2103,3248,3835,3290
1081,1448,1834,2749.5,3492,3076
984.5,1354,1694.5,2648.5,3155,2600.5
905.5,1302,1578,2692.5,3198,2642
873,1257,1560.5,2574,3237,2636
971.5,1432,1799,2759.5,3330,2830.5
920,1410,1647,2521,3150,2808
903,1186,1438,2308,3212,2799
846,1054,1375,2167,3238,2565
762,1140,1354,2255.5,3162.5,2776.5
903.5,1225,1521,2530,3231.5,2767.5
836,1188,1367,2385,2663,2254
798.5,1226.5,1423,2381.5,3329,2575.5
731,1104,1262,2077,2968,2565
800,1120.5,1420.5,2348.5,3126,2453
833.5,1147,1383,2282.5,3115,2450.5
925.5,1282.5,1770.5,2835,3531,2597.5
914.5,1226.5,1616,2705.5,3258,2608.5
915,1185,1524,2531,3374,2513
1084,1624,2361,4041,4184,2540
820,1348,1580,2802,3461,2756
864,1306,1514,2636,3816,3368
842,1263,1514,2636,3871,3531
755,914,1227,2140,3264,2502
785,1046.5,1268,2146,3297,2654.5
955,1357,1747,3011,3420,2567
975,1446,1920,3012,3544,2645
969,1348,1647,2498,3569,2876
1007,1324,1555,2540,3218,2745
974,1365,1724,2804,3302,2620
1008,1484.5,1861.5,3170.5,3259,2532.5
1071,1557,1707,2935,3111,2620
984,1495,2000,3114,3559,2771
984,1410,1844,3100,3405,2594
1093,1513.5,1943,3128,3689,2840.5
951,1405.5,1748,2886.5,3549,2834
721.5,977,1171.5,1958.5,2838,2472.5
737,1106,1263,2116,3091,2666
803,1149,1332,2245,3091,2685
852,1390,1610,2830,3394,2746
1243.5,1753.5,2059.5,3419.5,3962.5,3310.5
1241.5,1751.5,2078.5,3439.5,4027,3491
979,1473,1676,2665,3202,2744
838,1133,1361,2227,2735,2370
1045,1504,1816,2676,3274,2794
978,1433,1781,2634,3274,2752
1040.5,1490.5,1761.5,2832.5,3251.5,2713
1021.5,1262,1553,2529,3309,2740
907.5,1115.5,1442.5,2347,3329,2814
783.5,1045.5,1287.5,2185.5,3019.5,2518
805,1089,1374,2256,3144.5,2727
829.5,1124.5,1357,2234.5,3101,2717.5
817,1309,1577,2660,3388,2861
835.5,1207,1479,2519,3125.5,2612
891,1323,1541,2461,3128,2598
899.5,1278.5,1543.5,2639.5,3501,2942
1104,1645,2303,3654,3887,2800
1045,1711,1850,3019,3471,2835
1062,1623,2340,3696,3862,2617
1075,1555.5,1886.5,3024,3487.5,2877
955,1416,1677,2628,3125,2420
913,1431,1677,2505,2988,2586
912,1356,1564,2541,2862,2198
1082.5,1573.5,1902,3268.5,3794.5,3186
861.5,1191,1496,2517.5,3266.5,2610
833,1107.5,1446.5,2388,3173,2635.5
835,1140,1464,2378,3159.5,2674
845,1243.5,1523,2496,3099,2548
892,1208,1583,2664,2937,2462
999,1557,2243,3820,3982,2485
1021,1600,2243,3905,3932,2407
893.5,1280,1557,2710.5,3276,2677
872,1223,1511,2625,3340,2786
1040,1513,1941,3116,4075,2925
1143,1719,2169,3443,4428,3107
954.5,1427,1801,2964.5,3833.5,2999.5
1125,1772,2320.5,3867,4213.5,3080
873,1431,1741,2952,3637,2907
1022,1365,1744,2904,3608,3146
1064.5,1617,1933,3206,3897,3349
1108,1717,2098,3256.5,3868.5,2730
1129,1657,2159,3363,3886,3240
875,1073,1286,2176,2118,1741
970,1100,1184,1904,1946,1565
812,958,1029,1820,1575,1252
647,768.5,926.5,1615.5,2188.5,1782.5
765,982,1208,2042,2653,2273
662,798,998,1706,2285.5,1795.5
619,832,1007.5,1728,2285.5,1838
664,798,1008,1706,2272.5,1838.5
653.5,768.5,978.5,1660.5,2272.5,1809
682,974,1179,2094,2634,2181
1012,1427,1898,3234,3555,2729
978,1457,1802.5,2843.5,3504,2836.5
1010.5,1419,1836,2843,3507.5,2965.5
988.5,1409.5,1792.5,2811.5,3480.5,2918
1010.5,1473,1809,2875.5,3612.5,2959.5
1022,1473,1851,2908.5,3691.5,3007.5
1022,1394.5,1746.5,2647.5,3635.5,3256
1097,1520.5,1780.5,2911.5,3750.5,3256
916.5,1401,1878.5,2944,3381.5,2370.5
937.5,1379,1913,2942,3357,2332
1053,1503,1917,2838,3499,2661
1008,1301,1643,2662,3371,2890
857,964,1179,2040,2740,2421
857,1120,1524,2441,3217,2713
626,936,1114,1967,2849,2460
837.5,1188.5,1431.5,2350.5,3181,2610
858,1147,1448,2309,3112.5,2574.5
892.5,1312.5,1589.5,2418,3189.5,2586
955.5,1445.5,1767.5,2609,3241.5,2723
882,1310.5,1659,2524,3150,2551.5
948,1279,1623,2706,3217,2676
1062,1398,1762.5,3071.5,3302.5,2511.5
995,1239,1506,2448,2903,2327
928.5,1217,1551,2351.5,2915.5,2334
969,1390,1819,2883,3576,2557
863,1316,1702,2795,3627,2505
800,989,1240,2088,3014,2603
860.5,1070.5,1348.5,2124,3159.5,2738
931,1123,1448,2271,3252,2896
995,1325,1715,2587,3449,3020
964,1405,1746,2769,3331,2687
960.5,1349.5,1643.5,2669,3161,2613.5
995,1296,1659.5,2601.5,3225,2592.5
963.5,1357.5,1617,2714,3119,2557.5
873.5,1189.5,1491.5,2309,2848.5,2235.5
654,862,1085,1689,2089,1564
809,1238,1403,2459,2792,2118
920,1190,1478,2498,3136,2606
985,1291,1686,2725,3492,2856
918,1317,1638,2719.5,3229,2636
1070,1481,1859,3105,3680,2866
1262,1726,2114,3326,3808,3053
903.5,1285,1591.5,2533.5,2777.5,2175
839,1240.5,1507,2556,2680.5,2143
957,1306.5,1579.5,2705,3200.5,2672
918,1317,1644,2615,3209,2667
860,1222,1472,2376,3021,2436
906,1224,1521,2398,3265,2806
890,1115,1376,2308,3238,2692
811.5,1088.5,1401.5,2235,3201,2719.5
835.5,1067.5,1403.5,2299,3231,2729.5
808,1089.5,1306,2298.5,3166,2571.5
721,911,1229,2072,2914,2465
767,1007,1324,2118,3022,2584
767,1029,1362,2247,3191,2523
783,986,1355,2222,3182,2579
729,937,1178,1868,2563,1853
729,971,1239,1868,2523,1895
733.5,1035,1184.5,1884.5,2412,1839.5
730,937,1148,1868,2562,1853
730,938,1178,1957,2523,1811
870,1340,1542,2498,2910,2375
935,1224,1591,2594,2979,2389
1043,1458,1818,2809,3586,3006
1068,1600,1921,3108,3642,3064
1043,1482,1896,3296,3511,2779
818,1137,1402.5,2376.5,2780,2288.5
888,1230,1648,2907,2789,1984
815.5,1114,1454.5,2317.5,3095.5,2483
787,1050,1388,2233,2985,2581
823,1100,1459,2311,2985,2613
801,1077,1438,2207,2911,2529
780,981,1291,2075,2856,2487
739,914,1250,2051,2835,2487
752,948,1207,2142,2867,2297
759,1058.5,1327.5,2184.5,3017.5,2417.5
756,1016,1241,2089,2905,2516
754,1050,1358,2187,3222,2784
754.5,908,1186.5,2003.5,2897,2477.5
598,777,1060,1821,2743,2250
643,929,1054,1774,2602,2166
666,832,1017,1790,2658,2250
688,846,1117,1958,2865,2445
711,949,1144,1885,2850,2406
689,915,1176,1891,2906,2385
689,916,1144,1871,2875,2413
758,916,1238,2049,2994,2603
759,950,1238,2048,2969,2494
932,1312,1558.5,2590,3279,2749.5
809.5,1138.5,1442.5,2247.5,3062,2493.5
945.5,1201.5,1462,2395,3219,2646.5
848,1143,1412,2172,3311,2734
901,1143,1412,2213,3283,2663
1108,1389,1644,2758,3302,2628
732,956,1263,2076,3110,2773
713,907,1207,1991,3110,2732
709.5,890.5,1188.5,1973,3084,2727.5
777,1003,1249,2078,3195,2789
797,1028,1333,2121,3308,2938
802,1048,1362.5,2171.5,3334,2950
806,1052,1333,2251,3364,2937
767,956,1271,2121,3223,2811
778,1061,1263,2078,3223,2580
673,938,1148,1923,2736,2375
610,939,1148,1964,2789,2375
653,979,1148,1922,2844,2416
726.5,907,1095.5,1837,2704,2294
749.5,975.5,1204.5,1966,2831,2395.5
842.5,1092,1362.5,2193.5,2971.5,2562
882,1310,1544,2456,3170,2740
819,1268,1511,2456,3198,2781
886,1251,1591,2780,3307,2633
907,1251,1648,2608,3234,2633
860,1151,1458,2392,3110,2628
902,1152,1477,2414.5,3184,2681
907,1274,1686,2608,3357,2582
870,1196,1506,2479.5,3247.5,2668
954,1251,1622,2652,3421,2694
954,1317.5,1785,2911,3557,2694.5
850,1146.5,1393.5,2281,3123.5,2658
781,1106,1298,2084,3136,2624
749.5,1021.5,1277,2169.5,3152.5,2689
807,1044,1287.5,2144,3153.5,2696.5
825,1106,1271,2169,3195,2627
1003,1277,1624,2622,3195,2516
1024,1277,1604,2667,3273,2625
928,1361,1819,3165,3504,2270
904,1184,1486,2536,3201,2671
916,1324,1611,2506,3402,2725
1022,1367,1763,3023,3300,2547
1006,1483,2008,3387.5,3685,2434
1012,1350,1684,2758,3751,2789
1021,1391,1724,2847,3779,2683
959,1361,1712,3036,3527,2914
922,1353.5,1632.5,2834,3397,2673.5
972,1340,1762,2950,3232,2347
1004,1411,1610,2762,3330,2709
1127,1548,1884,3163,3074,2147
742,1117.5,1310.5,2170.5,2398.5,1853.5
862.5,1320.5,1560,2421.5,2852.5,2384
854,1237,1482,2184,2482,1992.5
886,1369.5,1590,2393.5,2840.5,2454.5
994,1358,1745,2633,3253,2795
897,1223,1508,2407,3096,2563
895.5,1215,1475,2347.5,3013,2468.5
929,1273,1567,2419,3049,2605
1010,1444,1793.5,2677,3252.5,2740.5
1125,1558,1923,2950,3539,3063
967,1440,1751,2963,3350,2476
829,1192,1442.5,2390.5,3143,2502
950,1411,1626,2633,3095,2521
1116,1612,1922,3129,3516,2835
1190,1755,1922,3233,3687,2961
1175,1754,1962,3335,3457,2729
1186,1378,1934,3252,3702,2401
1059,1492,1885,2848,3499,2771
924.5,1339,1757,2721.5,3360.5,2421
903.5,1337.5,1782.5,2699.5,3386,2362
903,1396,1567,2477,2925,2246
908.5,1386,1698.5,2601,3312,2468.5
1028.5,1374,1793.5,2859.5,3540.5,2761.5
849,1150,1437,2377,2908,2079
1186,1609.5,1991.5,3103.5,3532.5,2924.5
1253.5,1645,2002.5,3418,3896,3218.5
1299,1655,2106,3457,4984,3883
1299,1587,2066,3457,4508,3804
1276,1610,1946,3323,4308,3456
1300,1840,2139,3646,3587,2873
1060.5,1513,1840,2966.5,3383,2631
938,1388,1719.5,2559,3344.5,2746.5
962,1327,1632,2541.5,3445,3005.5
1063,1503,1843.5,2954,3677.5,3047.5
1025,1496,1784,2677,3611,3046
953,1359,1654.5,2605.5,3374.5,2844.5
1072,1615,1920,2934,3610,2925
1154,1625.5,2034,3051.5,3752.5,3070.5
1123.5,1581,1983,2988.5,3815.5,3097.5
1009,1496,1835,2763,3556,2976
963.5,1359,1672,2648,3413,2911
958,1367,1576,2419,3274,2920
885,1222,1535,2705,3212,2527
850,1205,1424.5,2188.5,2717,2217
892,1281,1437,2291,2881,2289
825,1193,1333,2162,2853,2289
830.5,1166,1352.5,2183,3022,2512
925,1333,1536.5,2493.5,3268,2675.5
962.5,1392,1639,2734.5,3293.5,2707.5
958,1367,1541,2429,3134,2836
923.5,1374,1537,2412.5,3218,2863
722,1018.5,1203,2019,2874.5,2370
624,976,1180,1925,2930,2664
892,1280,1506,2677,3528,2920
956,1432,1677,2669,3070,2707
1002,1539,1747,3105,3330,2584
782,1193,1368,2161,3162,2919
693,1019,1125,1859,2908,2583
693,1063,1160,1945,2964,2667
716,1063,1194,1988,2964,2709
849,1144,1368,2311,3207,2751
959,1367,1643,2418,3273,2793
910,1316,1501,2430,2893,2278
1042.5,1485.5,1842,2813,3447.5,2976
1111,1541,1849,2920,3449,2870.5
953,1331,1595,2715,3167,2574
1009,1433,1816,2980,3303,2673
602,731,935,1549,2042,1559
634,695,843,1458,1962,1476
600,799,904,1594,2280,1684
665,834,996,1684,2638,1975
565,729,934,1550,2441,1851
1170,1712,2284,3995,4108,2722
1297,1911,2759,4208,4502,3034
870,1190,1426,2451,3287.5,2592
1032,1467.5,1708,2963.5,3747.5,2987
1115,1567,1780,3086,3522,2915
1041,1470,1775.5,3007,3493,2859.5
1016,1368,1742,2827,3520,2846
967,1328,1663,2533.5,3304.5,2789
953,1325,1565,2364,3167,2785
848,1235,1437,2236,3100,2126
827,1235,1470,2353,3100,2203
903.5,1284,1545,2418.5,3105.5,2460.5
1007,1410,1642,2542,3048,2680
1007,1554,1804,2696,3574,3141
1131,1595,1902,2940,3790,3343
988,1513,1771,2653,3870,3342
1050,1473,1803,2775,3516,2937
999.5,1467.5,1717.5,2815,2997,2356.5
713,1000,1176,1964,2372,1776
1102,1628.5,1992.5,3263.5,3489.5,2761.5
1055,1589,1951,3089,3182,2479
1022.5,1493.5,1755.5,2682.5,3098.5,2487.5
930,1306.5,1552,2505.5,3115,2408.5
762,1109,1316,2232,2716,2068
1102,1562.5,1994,3050,3693,3065.5
825,1146,1437,2219,2655,2079
968,1385.5,1738.5,2776.5,3293,2598
951,1391,1606,2769,3511,2769
869,1270,1509,2486,3620,3134
869,1351,1574,2487,3729,3256
868,1310,1541,2488,3676,3135
846,1228,1509,2407,3622,3177
772.5,1096.5,1390,2359,3531,2944
825,1146,1411,2326,3543,3179
844,1105,1378,2286,3544,3219
849,1213,1506.5,2538.5,3418,2407.5
835,1158,1461.5,2415.5,3188.5,2357
917,1381,1917,2971,3441,2226
1133,1502,2054,3102,3627,2648
852,1247,1765,2971,3218,2549
939.5,1339.5,1789.5,2898,3579.5,2568
971,1328.5,1779.5,2898.5,3592.5,2633
1026,1367,1800,2795,3550,2694
1047,1456,1878,2882,3576,2944
1093,1514.5,1875.5,2934,3597,3056
980.5,1365,1627.5,2589,3440,2971.5
810,1125,1412,2213,3091,2682
821,1133.5,1374.5,2219,3056.5,2787
932,1291,1536,2492,3208,2892
1127,1495,1861,2763,3326,2950
1315,1788,2165,3249,3592,3006
1293,1740,2164,3248,3727,3205
1104,1553,1867.5,2893,3583,3183.5
926,1267,1542,2435,3236,2768
940,1363,1677,2545,3180,2756
940,1319,1543,2611,3237,2643
817,1184.5,1374,2378.5,3139,2660
1012,1438.5,1789,2725.5,3425.5,2898.5
898,1190,1537,2314,3092,2768
1000,1339,1729,2590,3455,2877
844,1189.5,1381,2285,3274.5,2871
764,1054,1225,2127,2978,2385
873,1200,1461,2492,3457.5,2759.5
840.5,1183.5,1439.5,2338.5,3250,2618
849,1253,1662,2664,3319,2565
935,1299,1643,2620,3424,2462
937,1185,1544,2531,3374,2383
913,1209,1524,2487,3271,2436
893,1163,1485,2488,3245,2540
998,1558,2227,3741,4035,2436
1180,1764,1980,3338,4171,3734
1054,1557,1813,2968,4008,3612
970,1431,1714,2719,3871,3489
969,1389,1647,2926,3734,3368
919,1237,1436,2371,3295,2829
854,1194,1436,2370,3155,2535
1061,1558,2037,3142,3593,2724
975,1401,1824,2969,3421,2697
936,1356.5,1581.5,2517,3349,2837
920,1324,1574,2498,3294,2829
937,1248,1601,2603.5,3324,2734
1018,1411,1724,2804,3327,2664
1037,1445,1658,2647,3105,2616.5
1051,1475,2037,3070,3533,2851
983,1453,1824,3158,3328,2510
1060,1558,1961,3235,3457,2646
972.5,1460.5,1817,2936.5,3523,2795.5
996.5,1395,1881.5,3280.5,3700.5,2680
708,974,1285,2116,3019,2663
783.5,1186.5,1403.5,2248,3234.5,2646.5
1102,1637,1907,3034,3721,3192
1020,1555,1841,2870,3502,2988
934,1323,1575,2762,3104,2658
793.5,1156.5,1413,2135,2840,2480.5
885,1273,1545,2317.5,2991,2639
962.5,1349.5,1644.5,2642,3241.5,2722.5
1079.5,1501.5,1812,2924.5,3359,2753.5
1011.5,1370,1738,2736,3274,2541.5
955.5,1254,1598.5,2557.5,3315,2678
833,1105,1333,2167,3075,2692
822,1134.5,1380,2244,3174.5,2729
787,1089,1326,2243.5,3109.5,2698
863,1069,1366,2406,3073,2577
780.5,956,1207,2029.5,2875.5,2308
1138,1399,1763,2960,4180,3642
1114,1445,1864,3051,4307,3669
1159,1445,1844,3141,4232,3590
1113,1422,1824,3233,4107,3377
967,1266.5,1530.5,2640,3436.5,2801.5
967,1299.5,1598.5,2705.5,3423,2691
934,1452,1610,2848,3274,2541
956,1409,1643,2848,3218,2541
933,1324,1682,2849,3362,2722
934,1300.5,1665,2718,3348,2810.5
979,1332.5,1728,2762.5,3284.5,2660.5
1062,1424,1801,2874,3335,2577
1030,1490,1801,2918,3310,2607
1127,1583,1830,3162,3471,2919
1030,1424,1781,3147,3638,2962
975,1344.5,1734,2968,3418.5,2827
979,1390,1712,2934,3527,2888
979,1433,1747,2849,3246,2749
919,1381.5,1639,2728,2961,2362.5
1350,1918,2299,3446,3874,3220
954.5,1455,1685.5,2545,3019.5,2512
1264,1754,2006.5,3438.5,3869,3363
878.5,1354,1557,2669.5,3265,2706
861.5,1158,1485,2392,3137.5,2759
922,1171,1521,2376,3163,2583
1000,1384,1678,2547,3339,2745
1021,1534,2205,3777,3982,2510
1042,1578,2262,3947,4080,2485
999,1623,2300,4033,4030,2510
1105,1578,2300,4075,3982,2432
996.5,1527.5,1977.5,3396.5,3715.5,2747.5
928,1253,1642,2718,3524,2925
961,1408,1743,2808,3568,3058
1054,1590.5,1899.5,3202.5,3688.5,3015
1127,1733,2414,4242,4102,2718
1163,1760,2137,3484,4428,3052
1122,1719,2072,3402,4400,3107
1060,1636,2038,3279,4319,3081
1230,1869,2478.5,3971,4494.5,3339
1040,1636,2006,3279,4127,3191
915,1472,1841,3074,3937,3029
1084.5,1672.5,1963,3277.5,3816.5,3244
1295.5,1900.5,2288.5,3544.5,4119.5,3621.5
1213.5,1720,2111,3472.5,3991,3256
1022,1644,2159,3311,4004,2535
1065,1455,1800,3148,3551,2784
943,1096.5,1268,2201.5,1964.5,1590
1034,1169,1332,2006,1832,1574
1149.5,1186,1215.5,2123.5,1987.5,1754
635.5,797.5,978,1660.5,2234.5,1880.5
601,779.5,988,1660.5,2214,1838
742,937,1228,2042,2756,2300
721,982,1188,2086,2730,2274
764,982,1228,2042,2757,2300
991,1537,2068,3296,3604,2453
978,1388,1736.5,2867,3503.5,2767
978,1403.5,1712,2811.5,3481,2918.5
963,1398.5,1746.5,2811,3468.5,2883.5
957.5,1409.5,1780,2866,3511.5,2864.5
950.5,1314,1573,2449.5,3447.5,3068
951,1280.5,1621,2495,3453,3069
1075,1668,1813,2924,3603,2996
1028,1457,1741,2971,3371,2676
1135,1592,1918,3147,3499,2756
1147.5,1707,2298,3561.5,3921.5,2920.5
1179,1864,2635,4020,4439,2972
1075,1669,2391,3892,4317,2738
871,1167.5,1512,2262.5,2837.5,2313.5
814,1185,1313,2256,3040,2746
915.5,1203,1540.5,2442,3202,2706.5
730,1019,1180,1967,2849,2583
752,1061,1280,2090,2849,2460
906,1211,1623,2529,3295,2609
847.5,1201.5,1550.5,2332,3163,2546
836,1185,1479,2213,3038,2420
829.5,1265,1696.5,2685,3192.5,2274.5
914,1308,1649,2502,3176,2597
885,1301,1682,2619,3320,2713
1034,1431.5,1726.5,2788.5,3235,2421
784.5,1130.5,1359,2161.5,2445,1902.5
1053,1548,2016,3016,3602,2687
948,1449,1898,2972,3729,2584
864.5,1201.5,1504.5,2539,3359.5,2468.5
800.5,1044.5,1262,2104,3046.5,2674.5
789,1032,1301.5,2080,3112,2717
834,1023,1299,2134,3134,2812
843.5,1186.5,1492,2324,3247,2757.5
890.5,1347.5,1602,2606.5,3231.5,2590
854,1282,1437,2316,2897,2412
871,1198,1464.5,2322,2930,2529.5
1031,1457,1859,2797,3424,2662
901.5,1250,1634,2472,2868.5,2092.5
862,1254,1687,2558,2868.5,2111
909.5,1210,1536,2375.5,2891.5,2349
962,1257,1568,2631,3215,2648
920,1325,1541,2631,3131,2623
1070,1390,1820,3018,3707,2839
982.5,1414,1740,2868.5,3362.5,2658.5
924.5,1274,1597.5,2534,2729.5,2153.5
850,1229,1507,2534,2643.5,2108.5
939,1325,1576,2761,3189,2751
916,1285,1625.5,2603.5,3302.5,2721.5
873,1368,1611,2548,2964,2373
999,1368,1744,2658,3385,2877
932,1288,1626,2527,3400,2891
924.5,1168.5,1544,2386,3333.5,2771.5
938,1269,1644,2506,3556,3172
851.5,1112,1406,2429,3206,2669
790,959,1229,2118,2967,2579
767,964,1333,2092,3103,2584
827,986,1382,2215,3185,2636
733,916,1268,2104,3130,2510
627.5,920,1056.5,1808,2462.5,1906
628,726,933,1505,1966,1480
650,866,1056,1836,2616,2067
729,901,1178,1913,2563,1853
766.5,973.5,1197.5,1885.5,2454,1840
722.5,949,1152.5,1827,2311,1825.5
744,1131,1323.5,2255.5,2516,1862
915,1363,1611,2550,2995,2459
937,1419,1721.5,2752.5,3230,2784.5
874,1246,1648,2567,3179,2651
894,1336,1594.5,2642.5,3192,2705.5
915.5,1297.5,1535.5,2662,3074,2515.5
780,1236,1368,2293,2629,2081
810,1125,1396,2357,2671,2182
717,957,1228,2169,2291,1926
876,1161,1439,2403,2926,2386
815,1100,1438,2217,2970,2465
771.5,1110.5,1389.5,2284.5,3052,2562.5
833,1029,1417,2250,3052,2572
763,1053,1368,2164,2940,2487
716,948,1250,2078,2912,2446
745.5,972,1197,1995,2737,2350.5
679.5,966,1207.5,2013,2782.5,2265
749,1003.5,1222.5,2055.5,2893.5,2440
777,1020.5,1284,2029,2973.5,2549.5
788,1049.5,1330,2119.5,3105.5,2543
779,1061,1193,2078,2890,2439
622,812,1089,1861,2658,2124
575,788,1039,1838,3026,2422
671.5,824.5,1051.5,1829,2733.5,2244
778,880,1135,1914,2774,2440
712,892,1153,1870,2925,2383
670,915,1135,1851,2824,2359
669,838.5,1122,1824.5,2819.5,2416.5
756.5,949.5,1172.5,1907,2882.5,2599.5
755,1104,1298,2208,3053,2714
625,893,1047,1843,2740,2420
735,902.5,1107,1804,2650.5,2434
878,1060,1280,2089,3175,2682
877,1185,1446,2337,3366,2682
1108,1457,1724,3025,3379,2663
860,1195,1507,2467,3379,2890
874.5,1146,1462.5,2306,3382.5,2853.5
790,1030.5,1348.5,2172.5,3310.5,2774
825.5,1075.5,1305,2149,3248.5,2842
783,1003,1312,2165,3224,2869
821,987,1333,2136,3336,2897
852,1028,1376,2208,3336,2976
821,1051,1396,2251,3355,2896
784,955,1333,2135,3292,2841
832.5,1145,1407,2428.5,3187,2671
788,823,978,1706,2426,2059
698,805,1009,1769.5,2608,2242.5
720,867,1077.5,1766.5,2707.5,2364
747.5,894.5,1082,1767,2707.5,2364
695.5,873.5,1025,1728,2623.5,2329
611,856,1016,1675,2680,2415
657,810,984.5,1617.5,2565.5,2248.5
695,831,1053,1711,2666,2269
715,1021,1181,1840,2844,2456
715,1186,1346,2251,3143,2660
1005,1514,1774,3151,3715,3025
1047,1637,1971,3274,3878,3147
885,1251,1629,2781,3234,2478
844,1251,1667,2694,3332,2582
913,1139.5,1457.5,2412.5,3084,2588.5
891.5,1129,1467,2413.5,3084,2549.5
859.5,1162,1506,2435.5,3086,2576.5
912,1207,1592.5,2587,3273,2616
954.5,1306.5,1727,2824,3447,2655
1008,1405.5,1890.5,3060,3594.5,2720.5
873,1107.5,1417.5,2352,3177.5,2695
811,1106,1291,2263,3221,2641
782,1106,1263,2205,3106,2599
996.5,1340.5,1815.5,3086,3510,2565
865,1274,1686,2908,3307,2348
865,1229,1551,2694,3134,2478
882,1223.5,1528,2520.5,3316.5,2688
875,1267,1545,2667,3381,2681
1075,1556,1843,2891,3914,2735
1012,1350,1704,2803,3778,2789
926.5,1292.5,1614.5,2715.5,3497.5,2850.5
878.5,1233.5,1571,2685,3344.5,2546
866,1295,1610,2822,3306,2477
887,1274,1576,2676,3134,2295
827,1324,1507,2634,3077,2373
908,1405,1819,2865,3060,2140
792,1175,1360.5,2302.5,2638,2112.5
928,1372.5,1630,2476,2922.5,2471
672,926,1113,1739,1935,1318
917,1354,1634,2405,2985,2446
983,1389.5,1673.5,2521.5,3185.5,2559
994,1358,1686,2633,3213,2604
998,1389,1696.5,2589,3292.5,2752
982,1358,1713,2634,3360,2903
1059,1478,1805,2859,3514,3021
982,1434,1766,2989,3429,2688
835,1146,1395.5,2434,3080.5,2426
922.5,1257,1554,2435.5,3100,2552
1026,1584,1952,2903,3283,2751
1255,1784,2091,3190,3686,3003
959,1367,1507,2676,2993,2331
966,1222,1546,2580.5,3019,2469
994,1374,1683,2596,3029,2604
939,1387.5,1697,2727,3153,2514.5
1024,1330,1683,2642,3754,2949
761,1107,1331,2117,2739,2036
1038.5,1373.5,1650,2639,3330.5,2737.5
1198.5,1587,1922.5,3171.5,3544.5,2884
1184,1539,1926,3233,4459,3617
1253,1633,2025,3414,5059,4043
1299,1587,2066,3414,4859,4070
1114,1584,1899,3140,3441,3004
865,1315,1566,2473,3103,2475
968.5,1399,1729,2618,3384,2861.5
1003,1496,1747,2592,3471,3007
1070,1539.5,1901,2926.5,3498,2906.5
1108.5,1511.5,1849,2962,3706.5,3152.5
909,1283,1528.5,2454,3430,2903.5
867.5,1292.5,1538.5,2606,3271,2507
1071,1496,1782,2848,3330,2692
1007.5,1434.5,1769.5,2735,3454.5,2915.5
921,1283.5,1555.5,2562.5,3292.5,2734.5
1053,1515,1736,2819,3511.5,2856
1073.5,1481.5,1785,2809,3414,2838.5
1089,1524,1958,3146,3655,2785
803,1236,1368,2204,2823,2247
825,1193,1402,2204,2795,2247
1004,1513,1806,2701,3632,3077
965.5,1392.5,1653.5,2616,3450,2799.5
858,1239,1391,2264.5,2936.5,2421
1029.5,1562.5,1853.5,2804.5,3573,3172
782,1193,1368,2204,2796,2163
765,1145.5,1337.5,2146,3001,2535
777.5,1147.5,1307.5,2129,3101,2666
916,1244,1611,2659,3613,2950
1034,1417,1706,2788,3725,3153
764.5,1095.5,1304,2260,2727.5,2213
1068,1583,1782,3104,3499,2962
999.5,1452.5,1645,2559.5,3105,2673
848,1236,1368,2204,3105,2877
892,1071,1438,2318,3359,2960
791.5,1022,1250,2017.5,3104,2707
757,941,1141.5,1924,2981,2686
794.5,1060,1331.5,2198,3243.5,2766
903,1321.5,1540,2344.5,3119,2618
924,1321.5,1572,2404,3052.5,2535
1010,1393,1745,2810.5,3434.5,2920
1026,1410,1610,2760,3132,2498
951,1505,1838,2883,2966,2591
568,730,935,1458,2122,1476
631,834,996,1594,2599,2017
683,991,1147,1805,2790,2087
928.5,1291,1785,2948,3295.5,2300.5
1284,1941,2460,3930.5,4191.5,3132
1003.5,1420,1698,2778,3402.5,2624
1111,1603,1895.5,3027.5,3543,2921.5
1056,1433,1816,2837,3358,2872
903.5,1295.5,1571,2462.5,3316.5,2741.5
876,1238,1501,2275,3074,2730
819,1226,1437,2275,3100,2536
891.5,1226.5,1532.5,2354,3092.5,2400
848,1194,1470,2275,3177,2203
931.5,1362,1573,2587.5,2937.5,2371.5
1008,1513,1836,2735,3762,3262
844,1310,1510,2327,3219,2855
1033.5,1452,1828,2748,3185.5,2558
1107,1624,2207,3310,3589,2642
924.5,1432,1693.5,2565,3131,2596.5
976,1388,1605,2522,3089.5,2490
917,1289,1506,2459,2878,2161
849,1169,1402,2331,2879,2288
689,1002.5,1172.5,1993.5,2482,1969.5
772,1097.5,1318.5,2232.5,2623.5,1985
974,1374,1609.5,2787.5,3040.5,2369.5
1054,1594,1833,2932,3674,3094
1032,1513,1834,2851,3946,3417
1011,1473,1801,2730,3947,3418
844.5,1178,1517,2483.5,3595.5,3016.5
867,1310,1607,2489,3650,3217
824,1158.5,1442.5,2422,3555,2990
825,1228,1476,2368,3571,3260
865,1187,1411,2368,3571,3139
843,1187,1346,2369,3498,2538
833,1169.5,1464.5,2414,3240,2420.5
763.5,1053,1462.5,2412,3062,2341
727,925,1087,1820,2851,2541
852,1202,1780,2838,3194,2549
898,1165,1524,2396,3191,2487
854,1229,1636,2769.5,3182,2293
918.5,1274,1803,2947,3310.5,2279.5
1111,1524,2054,3146,3703,2648
930.5,1416.5,1711,2852.5,3490,2855
879,1309,1544,2641,3288,2742
945.5,1339,1630.5,2599.5,3114,2614
1223,1740,2104,3110,3728,3348
1247,1740,2021,3296,3673,3178
1315,1811,2186,3343,3782,3234
1293,1765,2186,3295,3890,3319
1178,1600,2020,3109,3754,3347
948,1291,1647,2686,3377,2895
960,1365.5,1644,2615.5,3313.5,2685.5
851,1269,1508,2567,3249,2726
808,1079,1272.5,2240.5,3020.5,2622.5
842,1159.5,1372.5,2301,3315,2675
996,1244,1646,2450,3428,2799
874,1363,1578,2392,3180,2895
978,1513,1900,3060,3368,2918
957.5,1395,1681.5,2575.5,3345.5,2903
763,1098,1261,2215,2724,2089
908.5,1154,1528.5,2552.5,3430,2687
848,1226.5,1456.5,2381.5,3391.5,2745.5
811.5,1168.5,1435,2349.5,3236,2581.5
913,1321,1662,2753,3425,2488
935,1293.5,1760.5,3073.5,3605.5,2689.5
870,1312,1688,2924,3591,2410
